{"cameraMode":{"drawMode":0,"name":"Shaded","section":"Shading Mode"},"sceneLighting":false,"audioPlay":false,"sceneViewState":{"showFog":true,"showMaterialUpdate":false,"showSkybox":false,"showFlares":true,"showImageEffects":true,"showParticleSystems":true,"showVisualEffectGraphs":true,"m_FxEnabled":true},"in2DMode":false,"pivot":{"x":0.5090266466140747,"y":-1.1091914176940919,"z":0.10247087478637696},"rotation":{"x":0.35766491293907168,"y":-0.03304314240813255,"z":0.012677943333983422,"w":0.9331964254379273},"size":1.6620701551437379,"orthographic":true}