{"cameraMode":{"drawMode":0,"name":"Shaded","section":"Shading Mode"},"sceneLighting":false,"audioPlay":false,"sceneViewState":{"showFog":true,"showMaterialUpdate":false,"showSkybox":false,"showFlares":true,"showImageEffects":true,"showParticleSystems":true,"showVisualEffectGraphs":true,"m_FxEnabled":true},"in2DMode":false,"pivot":{"x":-0.17365387082099915,"y":-0.6102091073989868,"z":0.05138075351715088},"rotation":{"x":0.3505095839500427,"y":-0.042405519634485248,"z":0.015889110043644906,"w":0.9354678988456726},"size":2.454671621322632,"orthographic":true}